time		u			y
0.000000	8.000000	0.994013
0.020000	7.999600	0.999303
0.040000	7.998400	1.029242
0.060000	7.996400	1.036882
0.080000	7.993601	1.027941
0.100000	7.990002	1.061946
0.120000	7.985604	1.079713
0.140000	7.980408	1.085620
0.160000	7.974414	1.096862
0.180000	7.967622	1.104409
0.200000	7.960033	1.111781
0.220000	7.951649	1.147873
0.240000	7.942469	1.150167
0.260000	7.932495	1.163973
0.280000	7.921728	1.196213
0.300000	7.910169	1.197740
0.320000	7.897818	1.205934
0.340000	7.884678	1.214190
0.360000	7.870750	1.237619
0.380000	7.856034	1.248277
0.400000	7.840533	1.247959
0.420000	7.824247	1.250913
0.440000	7.807180	1.229346
0.460000	7.789331	1.255446
0.480000	7.770704	1.255498
0.500000	7.751299	1.258966
0.520000	7.731120	1.267304
0.540000	7.710167	1.228934
0.560000	7.688444	1.247716
0.580000	7.665951	1.251822
0.600000	7.642692	1.238843
0.620000	7.618669	1.222443
0.640000	7.593883	1.237178
0.660000	7.568339	1.221970
0.680000	7.542037	1.199122
0.700000	7.514982	1.200611
0.720000	7.487175	1.193405
0.740000	7.458619	1.172157
0.760000	7.429317	1.166322
0.780000	7.399272	1.144709
0.800000	7.368488	1.125097
0.820000	7.336967	1.102194
0.840000	7.304712	1.097390
0.860000	7.271726	1.084486
0.880000	7.238013	1.075534
0.900000	7.203577	1.049900
0.920000	7.168420	1.040036
0.940000	7.132546	1.010466
0.960000	7.095959	0.997268
0.980000	7.058663	0.989377
1.000000	7.020660	0.965816
1.020000	6.981956	0.971017
1.040000	6.942553	0.954523
1.060000	6.902457	0.940453
1.080000	6.861669	0.929570
1.100000	6.820196	0.935702
1.120000	6.778041	0.900948
1.140000	6.735208	0.874637
1.160000	6.691701	0.890559
1.180000	6.647525	0.880897
1.200000	6.602685	0.870004
1.220000	6.557184	0.860121
1.240000	6.511028	0.861208
1.260000	6.464220	0.864065
1.280000	6.416766	0.854834
1.300000	6.368670	0.882550
1.320000	6.319938	0.848321
1.340000	6.270573	0.850417
1.360000	6.220582	0.836783
1.380000	6.169968	0.864378
1.400000	6.118737	0.844733
1.420000	6.066895	0.863344
1.440000	6.014446	0.870588
1.460000	5.961395	0.871575
1.480000	5.907748	0.902063
1.500000	5.853511	0.901242
1.520000	5.798688	0.911680
1.540000	5.743285	0.897371
1.560000	5.687308	0.925636
1.580000	5.630763	0.927847
1.600000	5.573654	0.939447
1.620000	5.515987	0.951106
1.640000	5.457770	0.940966
1.660000	5.399006	0.955179
1.680000	5.339703	0.977435
1.700000	5.279865	0.951574
1.720000	5.219500	1.002430
1.740000	5.158612	1.001749
1.760000	5.097209	1.004353
1.780000	5.035296	1.015231
1.800000	4.972880	1.010466
1.820000	4.909966	1.024447
1.840000	4.846561	1.045509
1.860000	4.782672	1.053362
1.880000	4.718304	1.072460
1.900000	4.653465	1.049045
1.920000	4.588160	1.046625
1.940000	4.522396	1.050572
1.960000	4.456180	1.047063
1.980000	4.389519	1.056980
2.000000	4.322418	1.061062
2.020000	4.254886	1.055310
2.040000	4.186928	1.063960
2.060000	4.118551	1.046918
2.080000	4.049762	1.040970
2.100000	3.980568	1.032761
2.120000	3.910977	1.015325
2.140000	3.840994	1.008003
2.160000	3.770627	1.002914
2.180000	3.699883	1.017782
2.200000	3.628769	1.002821
2.220000	3.557292	0.995794
2.240000	3.485460	0.956067
2.260000	3.413278	0.936220
2.280000	3.340756	0.935033
2.300000	3.267900	0.928431
2.320000	3.194716	0.916037
2.340000	3.121213	0.905292
2.360000	3.047399	0.880872
2.380000	2.973279	0.878188
2.400000	2.898862	0.840830
2.420000	2.824155	0.815838
2.440000	2.749166	0.789742
2.460000	2.673902	0.778979
2.480000	2.598370	0.771385
2.500000	2.522579	0.740982
2.520000	2.446535	0.740012
2.540000	2.370247	0.725463
2.560000	2.293722	0.668277
2.580000	2.216967	0.681223
2.600000	2.139991	0.630823
2.620000	2.062800	0.637916
2.640000	1.985404	0.626885
2.660000	1.907808	0.596121
2.680000	1.830022	0.563637
2.700000	1.752053	0.551646
2.720000	1.673909	0.536096
2.740000	1.595598	0.518270
2.760000	1.517127	0.499587
2.780000	1.438504	0.482204
2.800000	1.359737	0.467301
2.820000	1.280834	0.435111
2.840000	1.201804	0.426963
2.860000	1.122653	0.426920
2.880000	1.043390	0.390408
2.900000	0.964022	0.372468
2.920000	0.884558	0.370482
2.940000	0.805006	0.317039
2.960000	0.725373	0.337479
2.980000	0.645668	0.302482
3.000000	0.565898	0.293668
3.020000	0.486071	0.276286
3.040000	0.406196	0.268085
3.060000	0.326280	0.239356
3.080000	0.246332	0.218639
3.100000	0.166359	0.221786
3.120000	0.086369	0.168529
3.140000	0.006371	0.175683
3.160000	-0.073628	0.145241
3.180000	-0.153620	0.134255
3.200000	-0.233596	0.145021
3.220000	-0.313549	0.107364
3.240000	-0.393471	0.092500
3.260000	-0.473353	0.055288
3.280000	-0.553188	0.048157
3.300000	-0.632967	0.039520
3.320000	-0.712683	0.022947
3.340000	-0.792328	0.007136
3.360000	-0.871894	-0.017687
3.380000	-0.951373	-0.031578
3.400000	-1.030756	-0.051746
3.420000	-1.110036	-0.094404
3.440000	-1.189206	-0.095950
3.460000	-1.268256	-0.109282
3.480000	-1.347180	-0.132151
3.500000	-1.425968	-0.163250
3.520000	-1.504615	-0.189725
3.540000	-1.583111	-0.215404
3.560000	-1.661448	-0.228603
3.580000	-1.739619	-0.239572
3.600000	-1.817617	-0.294588
3.620000	-1.895432	-0.306406
3.640000	-1.973058	-0.336503
3.660000	-2.050487	-0.343117
3.680000	-2.127711	-0.382951
3.700000	-2.204722	-0.409138
3.720000	-2.281512	-0.434209
3.740000	-2.358075	-0.455747
3.760000	-2.434401	-0.492808
3.780000	-2.510484	-0.548555
3.800000	-2.586317	-0.542377
3.820000	-2.661890	-0.573622
3.840000	-2.737197	-0.610840
3.860000	-2.812231	-0.650458
3.880000	-2.886983	-0.667397
3.900000	-2.961447	-0.698692
3.920000	-3.035614	-0.738966
3.940000	-3.109478	-0.768344
3.960000	-3.183031	-0.807361
3.980000	-3.256266	-0.831653
4.000000	-3.329175	-0.877000
4.020000	-3.401751	-0.888665
4.040000	-3.473987	-0.933218
4.060000	-3.545875	-0.951754
4.080000	-3.617409	-0.997863
4.100000	-3.688582	-1.018531
4.120000	-3.759385	-1.041564
4.140000	-3.829812	-1.083732
4.160000	-3.899857	-1.091336
4.180000	-3.969511	-1.120165
4.200000	-4.038769	-1.156030
4.220000	-4.107622	-1.172090
4.240000	-4.176065	-1.171544
4.260000	-4.244091	-1.185095
4.280000	-4.311692	-1.209627
4.300000	-4.378861	-1.216263
4.320000	-4.445593	-1.227692
4.340000	-4.511880	-1.233786
4.360000	-4.577717	-1.228930
4.380000	-4.643095	-1.259061
4.400000	-4.708009	-1.236906
4.420000	-4.772452	-1.244687
4.440000	-4.836418	-1.237891
4.460000	-4.899901	-1.231114
4.480000	-4.962893	-1.222057
4.500000	-5.025389	-1.218667
4.520000	-5.087383	-1.190696
4.540000	-5.148867	-1.160119
4.560000	-5.209837	-1.160017
4.580000	-5.270286	-1.140606
4.600000	-5.330208	-1.127291
4.620000	-5.389597	-1.100285
4.640000	-5.448447	-1.072215
4.660000	-5.506752	-1.057599
4.680000	-5.564507	-1.034899
4.700000	-5.621705	-1.002439
4.720000	-5.678340	-0.991535
4.740000	-5.734408	-0.955698
4.760000	-5.789903	-0.926063
4.780000	-5.844819	-0.897066
4.800000	-5.899150	-0.888380
4.820000	-5.952891	-0.851239
4.840000	-6.006037	-0.832794
4.860000	-6.058582	-0.832254
4.880000	-6.110522	-0.814584
4.900000	-6.161850	-0.786690
4.920000	-6.212562	-0.755818
4.940000	-6.262653	-0.750623
4.960000	-6.312118	-0.741073
4.980000	-6.360951	-0.706174
5.000000	-6.409149	-0.706983
5.020000	-6.456705	-0.722792
5.040000	-6.503616	-0.687793
5.060000	-6.549877	-0.678818
5.080000	-6.595482	-0.676522
5.100000	-6.640428	-0.670772
5.120000	-6.684710	-0.674222
5.140000	-6.728324	-0.686802
5.160000	-6.771264	-0.679192
5.180000	-6.813528	-0.688615
5.200000	-6.855110	-0.693986
5.220000	-6.896007	-0.704603
5.240000	-6.936214	-0.696568
5.260000	-6.975727	-0.711026
5.280000	-7.014543	-0.729164
5.300000	-7.052658	-0.745593
5.320000	-7.090067	-0.755460
5.340000	-7.126767	-0.762226
5.360000	-7.162754	-0.812438
5.380000	-7.198026	-0.809543
5.400000	-7.232577	-0.841156
5.420000	-7.266405	-0.878322
5.440000	-7.299507	-0.903965
5.460000	-7.331879	-0.919835
5.480000	-7.363517	-0.935765
5.500000	-7.394419	-0.962205
5.520000	-7.424582	-1.004433
5.540000	-7.454002	-1.014373
5.560000	-7.482677	-1.040233
5.580000	-7.510603	-1.080653
5.600000	-7.537779	-1.120688
5.620000	-7.564200	-1.133491
5.640000	-7.589866	-1.166713
5.660000	-7.614772	-1.194454
5.680000	-7.638917	-1.237684
5.700000	-7.662298	-1.286307
5.720000	-7.684913	-1.262223
5.740000	-7.706759	-1.323243
5.760000	-7.727834	-1.329365
5.780000	-7.748137	-1.324931
5.800000	-7.767665	-1.362802
5.820000	-7.786417	-1.371472
5.840000	-7.804389	-1.408122
5.860000	-7.821581	-1.420161
5.880000	-7.837991	-1.414060
5.900000	-7.853618	-1.401127
5.920000	-7.868459	-1.415724
5.940000	-7.882513	-1.417376
5.960000	-7.895778	-1.401609
5.980000	-7.908255	-1.384000
6.000000	-7.919940	-1.397685
6.020000	-7.930833	-1.381083
6.040000	-7.940934	-1.360107
6.060000	-7.950240	-1.322203
6.080000	-7.958751	-1.309640
6.100000	-7.966467	-1.267656
6.120000	-7.973385	-1.254985
6.140000	-7.979507	-1.238727
6.160000	-7.984830	-1.198665
6.180000	-7.989355	-1.181306
6.200000	-7.993081	-1.162006
6.220000	-7.996008	-1.119374
6.240000	-7.998135	-1.104274
6.260000	-7.999462	-1.071499
6.280000	-7.999990	-1.026951
6.300000	-7.999717	-1.013469
6.320000	-7.998645	-0.993487
6.340000	-7.996772	-0.964021
6.360000	-7.994100	-0.924137
6.380000	-7.990629	-0.916099
6.400000	-7.986358	-0.892047
6.420000	-7.981289	-0.872337
6.440000	-7.975422	-0.845972
6.460000	-7.968757	-0.833875
6.480000	-7.961295	-0.830000
6.500000	-7.953037	-0.808581
6.520000	-7.943984	-0.796567
6.540000	-7.934137	-0.764175
6.560000	-7.923496	-0.759760
6.580000	-7.912063	-0.755227
6.600000	-7.899838	-0.761330
6.620000	-7.886824	-0.761582
6.640000	-7.873021	-0.757650
6.660000	-7.858430	-0.764258
6.680000	-7.843054	-0.731925
6.700000	-7.826893	-0.784480
6.720000	-7.809950	-0.763460
6.740000	-7.792226	-0.790922
6.760000	-7.773723	-0.789964
6.780000	-7.754442	-0.811449
6.800000	-7.734386	-0.827723
6.820000	-7.713556	-0.843413
6.840000	-7.691955	-0.832115
6.860000	-7.669585	-0.870134
6.880000	-7.646448	-0.896988
6.900000	-7.622546	-0.905589
6.920000	-7.597882	-0.934011
6.940000	-7.572458	-0.950891
6.960000	-7.546277	-1.001187
6.980000	-7.519341	-1.005472
7.000000	-7.491653	-1.026885
7.020000	-7.463217	-1.077689
7.040000	-7.434034	-1.083218
7.060000	-7.404107	-1.097324
7.080000	-7.373440	-1.140761
7.100000	-7.342036	-1.158256
7.120000	-7.309898	-1.184919
7.140000	-7.277028	-1.222911
7.160000	-7.243431	-1.238471
7.180000	-7.209110	-1.276188
7.200000	-7.174067	-1.285049
7.220000	-7.138308	-1.296036
7.240000	-7.101834	-1.307583
7.260000	-7.064650	-1.328459
7.280000	-7.026760	-1.332987
7.300000	-6.988167	-1.360142
7.320000	-6.948875	-1.356399
7.340000	-6.908889	-1.358705
7.360000	-6.868211	-1.341111
7.380000	-6.826847	-1.359632
7.400000	-6.784800	-1.357554
7.420000	-6.742075	-1.344656
7.440000	-6.698675	-1.343673
7.460000	-6.654606	-1.319581
7.480000	-6.609871	-1.309724
7.500000	-6.564475	-1.306239
7.520000	-6.518422	-1.269015
7.540000	-6.471718	-1.249741
7.560000	-6.424367	-1.239251
7.580000	-6.376373	-1.198383
7.600000	-6.327742	-1.156200
7.620000	-6.278477	-1.138092
7.640000	-6.228585	-1.108465
7.660000	-6.178071	-1.098566
7.680000	-6.126938	-1.050296
7.700000	-6.075192	-1.023161
7.720000	-6.022840	-0.988841
7.740000	-5.969884	-0.959527
7.760000	-5.916332	-0.947049
7.780000	-5.862188	-0.903958
7.800000	-5.807458	-0.881793
7.820000	-5.752148	-0.846144
7.840000	-5.696262	-0.826758
7.860000	-5.639806	-0.777710
7.880000	-5.582787	-0.773496
7.900000	-5.525209	-0.749085
7.920000	-5.467078	-0.715687
7.940000	-5.408401	-0.704755
7.960000	-5.349183	-0.677044
7.980000	-5.289431	-0.661204
8.000000	-5.229149	-0.620245
8.020000	-5.168344	-0.609319
8.040000	-5.107023	-0.601936
8.060000	-5.045191	-0.590815
8.080000	-4.982854	-0.564426
8.100000	-4.920019	-0.558128
8.120000	-4.856692	-0.546923
8.140000	-4.792879	-0.543248
8.160000	-4.728587	-0.552314
8.180000	-4.663823	-0.530384
8.200000	-4.598592	-0.529751
8.220000	-4.532901	-0.514461
8.240000	-4.466756	-0.508574
8.260000	-4.400165	-0.524343
8.280000	-4.333134	-0.513417
8.300000	-4.265670	-0.502320
8.320000	-4.197779	-0.529151
8.340000	-4.129469	-0.509635
8.360000	-4.060745	-0.540109
8.380000	-3.991615	-0.537591
8.400000	-3.922087	-0.545224
8.420000	-3.852166	-0.553312
8.440000	-3.781859	-0.571102
8.460000	-3.711175	-0.578852
8.480000	-3.640119	-0.590695
8.500000	-3.568700	-0.592651
8.520000	-3.496924	-0.605299
8.540000	-3.424797	-0.599686
8.560000	-3.352329	-0.622220
8.580000	-3.279525	-0.655592
8.600000	-3.206393	-0.662300
8.620000	-3.132941	-0.671034
8.640000	-3.059175	-0.696507
8.660000	-2.985104	-0.713599
8.680000	-2.910734	-0.728601
8.700000	-2.836073	-0.736734
8.720000	-2.761128	-0.770176
8.740000	-2.685907	-0.781149
8.760000	-2.610417	-0.789220
8.780000	-2.534667	-0.806594
8.800000	-2.458663	-0.822751
8.820000	-2.382413	-0.843801
8.840000	-2.305925	-0.844780
8.860000	-2.229206	-0.846915
8.880000	-2.152265	-0.877181
8.900000	-2.075108	-0.895337
8.920000	-1.997744	-0.897064
8.940000	-1.920180	-0.920183
8.960000	-1.842424	-0.931309
8.980000	-1.764483	-0.931340
9.000000	-1.686366	-0.964073
9.020000	-1.608081	-0.954999
9.040000	-1.529635	-0.950715
9.060000	-1.451036	-0.963098
9.080000	-1.372291	-0.960719
9.100000	-1.293410	-0.954030
9.120000	-1.214399	-0.963765
9.140000	-1.135267	-0.947458
9.160000	-1.056021	-0.943206
9.180000	-0.976669	-0.930447
9.200000	-0.897220	-0.910407
9.220000	-0.817681	-0.909896
9.240000	-0.738061	-0.899535
9.260000	-0.658366	-0.885354
9.280000	-0.578606	-0.869203
9.300000	-0.498788	-0.865337
9.320000	-0.418920	-0.838622
9.340000	-0.339010	-0.815360
9.360000	-0.259067	-0.811843
9.380000	-0.179097	-0.767944
9.400000	-0.099109	-0.743087
9.420000	-0.019112	-0.736401
9.440000	0.060888	-0.707638
9.460000	0.140881	-0.688128
9.480000	0.220860	-0.645515
9.500000	0.300817	-0.635386
9.520000	0.380744	-0.598426
9.540000	0.460633	-0.575433
9.560000	0.540476	-0.536161
9.580000	0.620265	-0.523711
9.600000	0.699992	-0.460920
9.620000	0.779649	-0.451607
9.640000	0.859228	-0.408510
9.660000	0.938721	-0.377723
9.680000	1.018120	-0.349106
9.700000	1.097417	-0.315666
9.720000	1.176604	-0.262155
9.740000	1.255674	-0.240917
9.760000	1.334619	-0.196493
9.780000	1.413429	-0.170168
9.800000	1.492099	-0.130966
9.820000	1.570619	-0.081491
9.840000	1.648982	-0.038012
9.860000	1.727181	-0.009530
9.880000	1.805206	0.018211
9.900000	1.883052	0.093311
9.920000	1.960708	0.106379
9.940000	2.038169	0.141799
9.960000	2.115426	0.226145
9.980000	2.192471	0.239879
10.000000	2.269297	0.273772
10.020000	2.345897	0.326742
10.040000	2.422261	0.383081
10.060000	2.498384	0.427817
10.080000	2.574256	0.464570
10.100000	2.649871	0.539134
10.120000	2.725222	0.564002
10.140000	2.800299	0.606092
10.160000	2.875097	0.676643
10.180000	2.949607	0.729716
10.200000	3.023822	0.757838
10.220000	3.097735	0.801449
10.240000	3.171338	0.875007
10.260000	3.244624	0.893093
10.280000	3.317585	0.949595
10.300000	3.390215	1.019027
10.320000	3.462505	1.055129
10.340000	3.534450	1.098003
10.360000	3.606040	1.147467
10.380000	3.677271	1.183733
10.400000	3.748133	1.211298
10.420000	3.818621	1.273443
10.440000	3.888727	1.307340
10.460000	3.958444	1.326279
10.480000	4.027765	1.351253
10.500000	4.096684	1.396873
10.520000	4.165193	1.389340
10.540000	4.233285	1.403852
10.560000	4.300954	1.419949
10.580000	4.368193	1.436394
10.600000	4.434995	1.438392
10.620000	4.501353	1.416057
10.640000	4.567262	1.413408
10.660000	4.632713	1.383866
10.680000	4.697702	1.377688
10.700000	4.762220	1.351633
10.720000	4.826263	1.325541
10.740000	4.889823	1.324642
10.760000	4.952893	1.269092
10.780000	5.015469	1.238203
10.800000	5.077543	1.211333
10.820000	5.139109	1.182849
10.840000	5.200162	1.135210
10.860000	5.260694	1.117156
10.880000	5.320700	1.047051
10.900000	5.380174	1.008117
10.920000	5.439111	0.965846
10.940000	5.497503	0.934986
10.960000	5.555345	0.883633
10.980000	5.612632	0.835924
11.000000	5.669358	0.786917
11.020000	5.725517	0.759130
11.040000	5.781103	0.732166
11.060000	5.836111	0.676832
11.080000	5.890536	0.650441
11.100000	5.944372	0.613428
11.120000	5.997613	0.587100
11.140000	6.050254	0.539692
11.160000	6.102290	0.542373
11.180000	6.153716	0.479236
11.200000	6.204527	0.463521
11.220000	6.254717	0.453809
11.240000	6.304282	0.426796
11.260000	6.353216	0.413734
11.280000	6.401516	0.384330
11.300000	6.449174	0.374687
11.320000	6.496188	0.364030
11.340000	6.542553	0.370431
11.360000	6.588263	0.354856
11.380000	6.633314	0.351548
11.400000	6.677702	0.335064
11.420000	6.721423	0.351844
11.440000	6.764471	0.347393
11.460000	6.806842	0.364492
11.480000	6.848533	0.378695
11.500000	6.889539	0.365938
11.520000	6.929857	0.377896
11.540000	6.969481	0.388769
11.560000	7.008408	0.413914
11.580000	7.046634	0.431950
11.600000	7.084156	0.462253
11.620000	7.120969	0.482547
11.640000	7.157071	0.508102
11.660000	7.192456	0.552457
11.680000	7.227123	0.564850
11.700000	7.261066	0.613253
11.720000	7.294284	0.641719
11.740000	7.326772	0.691960
11.760000	7.358527	0.739498
11.780000	7.389547	0.765422
11.800000	7.419827	0.817391
11.820000	7.449366	0.860808
11.840000	7.478160	0.898410
11.860000	7.506206	0.957323
11.880000	7.533501	1.007199
11.900000	7.560043	1.058384
11.920000	7.585829	1.102472
11.940000	7.610856	1.155497
11.960000	7.635123	1.192680
11.980000	7.658625	1.249297
12.000000	7.681362	1.305853
12.020000	7.703331	1.354823
12.040000	7.724530	1.384951
12.060000	7.744956	1.430639
12.080000	7.764607	1.469039
12.100000	7.783482	1.502134
12.120000	7.801579	1.534595
12.140000	7.818896	1.535459
12.160000	7.835430	1.572574
12.180000	7.851181	1.589548
12.200000	7.866148	1.585720
12.220000	7.880327	1.615394
12.240000	7.893718	1.597555
12.260000	7.906320	1.603256
12.280000	7.918132	1.565933
12.300000	7.929152	1.545734
12.320000	7.939378	1.533061
12.340000	7.948811	1.485418
12.360000	7.957449	1.471549
12.380000	7.965291	1.433788
12.400000	7.972337	1.403100
12.420000	7.978585	1.357350
12.440000	7.984036	1.301237
12.460000	7.988688	1.247797
12.480000	7.992541	1.227965
12.500000	7.995595	1.154185
12.520000	7.997850	1.102584
12.540000	7.999305	1.053136
12.560000	7.999959	1.026538
12.580000	7.999814	0.962296
12.600000	7.998869	0.913114
12.620000	7.997124	0.876510
12.640000	7.994579	0.829089
12.660000	7.991235	0.782145
12.680000	7.987092	0.756166
12.700000	7.982150	0.721051
12.720000	7.976410	0.684227
12.740000	7.969872	0.648345
12.760000	7.962537	0.613408
12.780000	7.954406	0.562835
12.800000	7.945479	0.571057
12.820000	7.935758	0.533773
12.840000	7.925244	0.515893
12.860000	7.913937	0.502717
12.880000	7.901838	0.490395
12.900000	7.888949	0.467492
12.920000	7.875272	0.457684
12.940000	7.860807	0.440146
12.960000	7.845555	0.442067
12.980000	7.829520	0.431573
13.000000	7.812701	0.434064
13.020000	7.795101	0.436251
13.040000	7.776722	0.450315
13.060000	7.757565	0.471800
13.080000	7.737632	0.505171
13.100000	7.716925	0.490200
13.120000	7.695447	0.492304
13.140000	7.673199	0.538525
13.160000	7.650184	0.545507
13.180000	7.626404	0.567043
13.200000	7.601861	0.603312
13.220000	7.576558	0.618711
13.240000	7.550497	0.665501
13.260000	7.523681	0.696712
13.280000	7.496113	0.734916
13.300000	7.467796	0.775970
13.320000	7.438731	0.812802
13.340000	7.408923	0.853808
13.360000	7.378374	0.899353
13.380000	7.347087	0.944670
13.400000	7.315065	0.975083
13.420000	7.282312	1.016567
13.440000	7.248831	1.076023
13.460000	7.214624	1.108048
13.480000	7.179696	1.168580
13.500000	7.144051	1.221640
13.520000	7.107691	1.261687
13.540000	7.070620	1.286900
13.560000	7.032842	1.328488
13.580000	6.994361	1.377592
13.600000	6.955180	1.404646
13.620000	6.915304	1.436480
13.640000	6.874736	1.472821
13.660000	6.833481	1.480166
13.680000	6.791542	1.504745
13.700000	6.748925	1.514681
13.720000	6.705632	1.521354
13.740000	6.661669	1.527198
13.760000	6.617040	1.541253
13.780000	6.571749	1.528481
13.800000	6.525801	1.507525
13.820000	6.479200	1.497397
13.840000	6.431951	1.461966
13.860000	6.384060	1.445202
13.880000	6.335529	1.444069
13.900000	6.286366	1.387929
13.920000	6.236573	1.359020
13.940000	6.186157	1.310945
13.960000	6.135123	1.272372
13.980000	6.083475	1.230668
14.000000	6.031218	1.166480
14.020000	5.978358	1.129247
14.040000	5.924901	1.096453
14.060000	5.870851	1.023357
14.080000	5.816214	0.976034
14.100000	5.760995	0.929059
14.120000	5.705201	0.885710
14.140000	5.648835	0.839820
14.160000	5.591905	0.799592
14.180000	5.534416	0.745310
14.200000	5.476373	0.694302
14.220000	5.417783	0.663435
14.240000	5.358651	0.615221
14.260000	5.298983	0.552038
14.280000	5.238785	0.552683
14.300000	5.178063	0.507159
14.320000	5.116824	0.451446
14.340000	5.055072	0.422279
14.360000	4.992816	0.398842
14.380000	4.930060	0.352680
14.400000	4.866811	0.332234
14.420000	4.803075	0.308267
14.440000	4.738859	0.261095
14.460000	4.674169	0.240968
14.480000	4.609012	0.233701
14.500000	4.543393	0.208314
14.520000	4.477321	0.193869
14.540000	4.410801	0.165940
14.560000	4.343839	0.148697
14.580000	4.276444	0.117589
14.600000	4.208620	0.113757
14.620000	4.140376	0.114961
14.640000	4.071718	0.113617
14.660000	4.002652	0.103150
14.680000	3.933187	0.090585
14.700000	3.863328	0.084715
14.720000	3.793082	0.086678
14.740000	3.722458	0.083845
14.760000	3.651461	0.097118
14.780000	3.580099	0.085971
14.800000	3.508379	0.072524
14.820000	3.436308	0.078805
14.840000	3.363893	0.112246
14.860000	3.291142	0.092175
14.880000	3.218062	0.119629
14.900000	3.144661	0.118633
14.920000	3.070944	0.130153
14.940000	2.996921	0.142209
14.960000	2.922598	0.168594
14.980000	2.847983	0.168375
15.000000	2.773083	0.184947
15.020000	2.697905	0.185966
15.040000	2.622458	0.220310
15.060000	2.546749	0.241452
15.080000	2.470784	0.257319
15.100000	2.394573	0.288535
15.120000	2.318123	0.295534
15.140000	2.241440	0.319148
15.160000	2.164534	0.354514
15.180000	2.087411	0.345031
15.200000	2.010079	0.379058
15.220000	1.932546	0.421488
15.240000	1.854820	0.440666
15.260000	1.776908	0.462574
15.280000	1.698819	0.488915
15.300000	1.620560	0.508906
15.320000	1.542139	0.547177
15.340000	1.463564	0.559962
15.360000	1.384842	0.583921
15.380000	1.305982	0.608376
15.400000	1.226991	0.633802
15.420000	1.147877	0.645120
15.440000	1.068649	0.688842
15.460000	0.989314	0.703796
15.480000	0.909880	0.746690
15.500000	0.830355	0.750400
15.520000	0.750747	0.777252
15.540000	0.671064	0.796467
15.560000	0.591313	0.807654
15.580000	0.511504	0.842560
15.600000	0.431643	0.869122
15.620000	0.351740	0.866024
15.640000	0.271801	0.877774
15.660000	0.191835	0.890227
15.680000	0.111849	0.886135
15.700000	0.031853	0.912734
15.720000	-0.048147	0.924579
15.740000	-0.128141	0.938222
15.760000	-0.208123	0.940848
15.780000	-0.288085	0.928574
15.800000	-0.368017	0.929344
15.820000	-0.447913	0.940583
15.840000	-0.527763	0.922688
15.860000	-0.607561	0.912242
15.880000	-0.687299	0.922041
15.900000	-0.766967	0.907134
15.920000	-0.846559	0.883489
15.940000	-0.926066	0.861844
15.960000	-1.005481	0.830129
15.980000	-1.084795	0.836649
16.000000	-1.164000	0.800390
16.020000	-1.243089	0.766489
16.040000	-1.322054	0.776958
16.060000	-1.400887	0.740888
16.080000	-1.479579	0.694695
16.100000	-1.558124	0.664051
16.120000	-1.636513	0.653527
16.140000	-1.714738	0.603240
16.160000	-1.792792	0.590830
16.180000	-1.870666	0.548573
16.200000	-1.948353	0.511061
16.220000	-2.025846	0.471818
16.240000	-2.103136	0.430584
16.260000	-2.180215	0.397240
16.280000	-2.257077	0.342548
16.300000	-2.333713	0.305499
16.320000	-2.410115	0.268607
16.340000	-2.486277	0.222084
16.360000	-2.562189	0.158805
16.380000	-2.637846	0.118962
16.400000	-2.713239	0.078599
16.420000	-2.788360	0.022986
16.440000	-2.863203	-0.005283
16.460000	-2.937759	-0.078180
16.480000	-3.012022	-0.128229
16.500000	-3.085983	-0.172415
16.520000	-3.159636	-0.231417
16.540000	-3.232973	-0.291913
16.560000	-3.305987	-0.354875
16.580000	-3.378670	-0.402237
16.600000	-3.451015	-0.453806
16.620000	-3.523015	-0.519316
16.640000	-3.594662	-0.592690
16.660000	-3.665951	-0.629136
16.680000	-3.736872	-0.723182
16.700000	-3.807420	-0.787223
16.720000	-3.877587	-0.824747
16.740000	-3.947367	-0.895102
16.760000	-4.016752	-0.965625
16.780000	-4.085735	-1.033328
16.800000	-4.154309	-1.060437
16.820000	-4.222468	-1.142458
16.840000	-4.290205	-1.196549
16.860000	-4.357513	-1.254820
16.880000	-4.424385	-1.307060
16.900000	-4.490815	-1.356154
16.920000	-4.556795	-1.400564
16.940000	-4.622320	-1.453730
16.960000	-4.687383	-1.490141
16.980000	-4.751977	-1.536534
17.000000	-4.816095	-1.553139
17.020000	-4.879732	-1.562727
17.040000	-4.942881	-1.568677
17.060000	-5.005536	-1.580257
17.080000	-5.067691	-1.590148
17.100000	-5.129338	-1.593274
17.120000	-5.190473	-1.595860
17.140000	-5.251088	-1.537771
17.160000	-5.311179	-1.530443
17.180000	-5.370738	-1.498737
17.200000	-5.429760	-1.457529
17.220000	-5.488240	-1.432877
17.240000	-5.546170	-1.378222
17.260000	-5.603546	-1.306890
17.280000	-5.660362	-1.271523
17.300000	-5.716611	-1.220069
17.320000	-5.772289	-1.184739
17.340000	-5.827389	-1.090413
17.360000	-5.881907	-1.070184
17.380000	-5.935837	-0.979448
17.400000	-5.989173	-0.962538
17.420000	-6.041910	-0.870431
17.440000	-6.094043	-0.812079
17.460000	-6.145567	-0.781267
17.480000	-6.196476	-0.714786
17.500000	-6.246765	-0.660981
17.520000	-6.296430	-0.623685
17.540000	-6.345465	-0.580944
17.560000	-6.393866	-0.532497
17.580000	-6.441627	-0.468861
17.600000	-6.488744	-0.432263
17.620000	-6.535212	-0.396472
17.640000	-6.581027	-0.342933
17.660000	-6.626183	-0.311708
17.680000	-6.670677	-0.291003
17.700000	-6.714504	-0.264637
17.720000	-6.757660	-0.219126
17.740000	-6.800139	-0.204064
17.760000	-6.841939	-0.174660
17.780000	-6.883055	-0.139499
17.800000	-6.923482	-0.132534
17.820000	-6.963217	-0.131194
17.840000	-7.002255	-0.108715
17.860000	-7.040593	-0.110347
17.880000	-7.078228	-0.078015
17.900000	-7.115154	-0.095804
17.920000	-7.151369	-0.087006
17.940000	-7.186869	-0.087722
17.960000	-7.221650	-0.093772
17.980000	-7.255709	-0.122368
18.000000	-7.289042	-0.127523
18.020000	-7.321647	-0.130726
18.040000	-7.353519	-0.139022
18.060000	-7.384656	-0.162482
18.080000	-7.415054	-0.192435
18.100000	-7.444711	-0.220978
18.120000	-7.473624	-0.238997
18.140000	-7.501789	-0.269998
18.160000	-7.529204	-0.293349
18.180000	-7.555866	-0.337720
18.200000	-7.581773	-0.367205
18.220000	-7.606921	-0.420692
18.240000	-7.631309	-0.461468
18.260000	-7.654933	-0.509176
18.280000	-7.677792	-0.562865
18.300000	-7.699884	-0.600624
18.320000	-7.721205	-0.669215
18.340000	-7.741754	-0.722560
18.360000	-7.761529	-0.776335
18.380000	-7.780528	-0.848646
18.400000	-7.798749	-0.900584
18.420000	-7.816190	-0.967463
18.440000	-7.832849	-1.028025
18.460000	-7.848725	-1.089057
18.480000	-7.863817	-1.160877
18.500000	-7.878121	-1.219130
18.520000	-7.891638	-1.266995
18.540000	-7.904366	-1.341986
18.560000	-7.916304	-1.389750
18.580000	-7.927450	-1.454314
18.600000	-7.937803	-1.503005
18.620000	-7.947362	-1.567263
18.640000	-7.956126	-1.602209
18.660000	-7.964095	-1.639853
18.680000	-7.971268	-1.679096
18.700000	-7.977643	-1.706119
18.720000	-7.983221	-1.730353
18.740000	-7.988001	-1.710358
18.760000	-7.991981	-1.737106
18.780000	-7.995162	-1.708146
18.800000	-7.997544	-1.712807
18.820000	-7.999126	-1.695857
18.840000	-7.999909	-1.653047
18.860000	-7.999891	-1.631067
18.880000	-7.999073	-1.578557
18.900000	-7.997456	-1.541703
18.920000	-7.995038	-1.483036
18.940000	-7.991821	-1.443033
18.960000	-7.987805	-1.367313
18.980000	-7.982990	-1.310495
19.000000	-7.977377	-1.262466
19.020000	-7.970966	-1.163519
19.040000	-7.963758	-1.120598
19.060000	-7.955754	-1.039047
19.080000	-7.946954	-0.982286
19.100000	-7.937360	-0.937336
19.120000	-7.926971	-0.877945
19.140000	-7.915790	-0.817728
19.160000	-7.903818	-0.773646
19.180000	-7.891055	-0.706037
19.200000	-7.877503	-0.642518
19.220000	-7.863163	-0.577933
19.240000	-7.848037	-0.551684
19.260000	-7.832126	-0.488456
19.280000	-7.815432	-0.465726
19.300000	-7.797956	-0.417748
19.320000	-7.779701	-0.377922
19.340000	-7.760668	-0.333917
19.360000	-7.740858	-0.300205
19.380000	-7.720275	-0.265206
19.400000	-7.698919	-0.240131
19.420000	-7.676794	-0.221362
19.440000	-7.653901	-0.198812
19.460000	-7.630242	-0.168750
19.480000	-7.605821	-0.174656
19.500000	-7.580638	-0.149691
19.520000	-7.554698	-0.166393
19.540000	-7.528003	-0.138043
19.560000	-7.500554	-0.143793
19.580000	-7.472356	-0.138681
19.600000	-7.443410	-0.130975
19.620000	-7.413720	-0.145312
19.640000	-7.383289	-0.146581
19.660000	-7.352119	-0.152047
19.680000	-7.320214	-0.177095
19.700000	-7.287577	-0.186312
19.720000	-7.254212	-0.221143
19.740000	-7.220121	-0.240591
19.760000	-7.185307	-0.271123
19.780000	-7.149776	-0.283580
19.800000	-7.113529	-0.320661
19.820000	-7.076571	-0.363301
19.840000	-7.038906	-0.392693
19.860000	-7.000536	-0.422353
19.880000	-6.961467	-0.474137
19.900000	-6.921701	-0.526573
19.920000	-6.881243	-0.561368
19.940000	-6.840097	-0.630240
19.960000	-6.798267	-0.652510
19.980000	-6.755758	-0.716032
20.000000	-6.712572	-0.769796
20.020000	-6.668716	-0.811093
20.040000	-6.624192	-0.889468
20.060000	-6.579006	-0.913239
20.080000	-6.533163	-0.995024
20.100000	-6.486665	-1.053224
20.120000	-6.439520	-1.095415
20.140000	-6.391730	-1.155595
20.160000	-6.343301	-1.194153
20.180000	-6.294238	-1.275210
20.200000	-6.244545	-1.326624
20.220000	-6.194228	-1.389825
20.240000	-6.143292	-1.424721
20.260000	-6.091741	-1.471165
20.280000	-6.039581	-1.506547
20.300000	-5.986817	-1.552653
20.320000	-5.933455	-1.546354
20.340000	-5.879499	-1.598967
20.360000	-5.824955	-1.628373
20.380000	-5.769829	-1.621263
20.400000	-5.714125	-1.617762
20.420000	-5.657850	-1.618837
20.440000	-5.601010	-1.585305
20.460000	-5.543609	-1.580097
20.480000	-5.485654	-1.554627
20.500000	-5.427151	-1.519007
20.520000	-5.368105	-1.486971
20.540000	-5.308521	-1.439708
20.560000	-5.248408	-1.415727
20.580000	-5.187769	-1.361301
20.600000	-5.126611	-1.296923
20.620000	-5.064941	-1.273857
20.640000	-5.002765	-1.204908
20.660000	-4.940088	-1.127000
20.680000	-4.876917	-1.076358
20.700000	-4.813258	-1.000884
20.720000	-4.749118	-0.940354
20.740000	-4.684503	-0.898453
20.760000	-4.619420	-0.820617
20.780000	-4.553875	-0.751264
20.800000	-4.487874	-0.701018
20.820000	-4.421425	-0.652306
20.840000	-4.354533	-0.574732
20.860000	-4.287206	-0.519272
20.880000	-4.219450	-0.463511
20.900000	-4.151273	-0.406386
20.920000	-4.082680	-0.389461
20.940000	-4.013679	-0.298089
20.960000	-3.944277	-0.237648
20.980000	-3.874480	-0.201658
21.000000	-3.804295	-0.155866
21.020000	-3.733731	-0.104073
21.040000	-3.662793	-0.062364
21.060000	-3.591488	-0.015393
21.080000	-3.519825	0.020498
21.100000	-3.447809	0.053785
21.120000	-3.375449	0.090964
21.140000	-3.302751	0.129178
21.160000	-3.229723	0.162210
21.180000	-3.156372	0.200682
21.200000	-3.082706	0.263025
21.220000	-3.008731	0.285635
21.240000	-2.934455	0.303147
21.260000	-2.859886	0.335488
21.280000	-2.785030	0.369154
21.300000	-2.709897	0.388736
21.320000	-2.634492	0.421828
21.340000	-2.558824	0.453411
21.360000	-2.482900	0.468402
21.380000	-2.406727	0.493841
21.400000	-2.330314	0.519643
21.420000	-2.253668	0.526910
21.440000	-2.176797	0.549931
21.460000	-2.099708	0.560008
21.480000	-2.022409	0.577395
21.500000	-1.944907	0.587566
21.520000	-1.867212	0.597214
21.540000	-1.789329	0.614493
21.560000	-1.711268	0.627243
21.580000	-1.633035	0.630442
21.600000	-1.554639	0.639964
21.620000	-1.476088	0.632197
21.640000	-1.397389	0.630761
21.660000	-1.318550	0.648843
21.680000	-1.239580	0.652107
21.700000	-1.160485	0.644995
21.720000	-1.081275	0.655987
21.740000	-1.001956	0.648377
21.760000	-0.922537	0.661723
21.780000	-0.843026	0.627394
21.800000	-0.763431	0.612814
21.820000	-0.683759	0.607768
21.840000	-0.604019	0.600898
21.860000	-0.524218	0.601770
21.880000	-0.444365	0.565016
21.900000	-0.364468	0.588558
21.920000	-0.284534	0.561003
21.940000	-0.204572	0.548260
21.960000	-0.124589	0.526638
21.980000	-0.044594	0.522422
22.000000	0.035406	0.509322
22.020000	0.115402	0.493149
22.040000	0.195386	0.482545
22.060000	0.275351	0.457715
22.080000	0.355289	0.438841
22.100000	0.435191	0.437262
22.120000	0.515049	0.416597
22.140000	0.594856	0.401307
22.160000	0.674604	0.393604
22.180000	0.754284	0.356481
22.200000	0.833888	0.341916
22.220000	0.913409	0.346927
22.240000	0.992839	0.303573
22.260000	1.072170	0.289565
22.280000	1.151393	0.295359
22.300000	1.230501	0.274395
22.320000	1.309487	0.258257
22.340000	1.388341	0.241878
22.360000	1.467056	0.229134
22.380000	1.545625	0.214409
22.400000	1.624039	0.215915
22.420000	1.702291	0.185971
22.440000	1.780372	0.176530
22.460000	1.858276	0.184920
22.480000	1.935993	0.156756
22.500000	2.013517	0.169015
22.520000	2.090840	0.136602
22.540000	2.167953	0.143060
22.560000	2.244850	0.105388
22.580000	2.321523	0.116880
22.600000	2.397963	0.093782
22.620000	2.474163	0.113265
22.640000	2.550116	0.088828
22.660000	2.625814	0.100913
22.680000	2.701249	0.093380
22.700000	2.776415	0.083785
22.720000	2.851302	0.079407
22.740000	2.925905	0.091821
22.760000	3.000215	0.116795
22.780000	3.074224	0.100068
22.800000	3.147927	0.116971
22.820000	3.221315	0.113235
22.840000	3.294380	0.129816
22.860000	3.367116	0.111282
22.880000	3.439516	0.135306
22.900000	3.511571	0.159927
22.920000	3.583275	0.161229
22.940000	3.654621	0.175781
22.960000	3.725602	0.187493
22.980000	3.796210	0.219831
23.000000	3.866438	0.229258
23.020000	3.936280	0.246094
23.040000	4.005728	0.272895
23.060000	4.074775	0.294598
23.080000	4.143415	0.314530
23.100000	4.211641	0.353017
23.120000	4.279446	0.363546
23.140000	4.346822	0.394994
23.160000	4.413764	0.415286
23.180000	4.480265	0.454104
23.200000	4.546317	0.500765
23.220000	4.611915	0.512115
23.240000	4.677052	0.542224
23.260000	4.741721	0.599837
23.280000	4.805915	0.625822
23.300000	4.869630	0.666846
23.320000	4.932857	0.705076
23.340000	4.995591	0.746945
23.360000	5.057825	0.796175
23.380000	5.119554	0.821348
23.400000	5.180771	0.862220
23.420000	5.241469	0.916159
23.440000	5.301644	0.942420
23.460000	5.361288	0.987950
23.480000	5.420396	1.063164
23.500000	5.478963	1.094336
23.520000	5.536981	1.128124
23.540000	5.594445	1.180987
23.560000	5.651351	1.197201
23.580000	5.707691	1.241740
23.600000	5.763460	1.286366
23.620000	5.818653	1.321859
23.640000	5.873264	1.348224
23.660000	5.927288	1.344813
23.680000	5.980719	1.384310
23.700000	6.033551	1.419001
23.720000	6.085781	1.427114
23.740000	6.137402	1.468470
23.760000	6.188409	1.460651
23.780000	6.238798	1.461059
23.800000	6.288562	1.444090
23.820000	6.337698	1.450424
23.840000	6.386200	1.444540
23.860000	6.434063	1.440739
23.880000	6.481283	1.421773
23.900000	6.527855	1.403192
23.920000	6.573774	1.360185
23.940000	6.619036	1.357064
23.960000	6.663636	1.299926
23.980000	6.707569	1.276765
24.000000	6.750832	1.252779
24.020000	6.793419	1.211553
24.040000	6.835327	1.166227
24.060000	6.876552	1.130385
24.080000	6.917089	1.084685
24.100000	6.956935	1.066679
24.120000	6.996084	1.035205
24.140000	7.034534	0.983208
24.160000	7.072281	0.942247
24.180000	7.109320	0.894398
24.200000	7.145649	0.882227
24.220000	7.181263	0.860421
24.240000	7.216159	0.786943
24.260000	7.250333	0.762490
24.280000	7.283782	0.736275
24.300000	7.316503	0.709229
24.320000	7.348492	0.690902
24.340000	7.379746	0.680558
24.360000	7.410263	0.652420
24.380000	7.440038	0.627747
24.400000	7.469069	0.597613
24.420000	7.497354	0.578310
24.440000	7.524888	0.568585
24.460000	7.551670	0.581464
24.480000	7.577697	0.557202
24.500000	7.602967	0.547620
24.520000	7.627476	0.546993
24.540000	7.651222	0.556306
24.560000	7.674203	0.536665
24.580000	7.696417	0.568191
24.600000	7.717861	0.562372
24.620000	7.738533	0.567916
24.640000	7.758432	0.586275
24.660000	7.777554	0.598268
24.680000	7.795899	0.609319
24.700000	7.813464	0.629317
24.720000	7.830248	0.644594
24.740000	7.846249	0.683581
24.760000	7.861466	0.697663
24.780000	7.875896	0.721536
24.800000	7.889538	0.762930
24.820000	7.902392	0.806684
24.840000	7.914455	0.826854
24.860000	7.925727	0.856888
24.880000	7.936207	0.904160
24.900000	7.945893	0.957978
24.920000	7.954784	0.963718
24.940000	7.962880	1.022594
24.960000	7.970179	1.062017
24.980000	7.976681	1.113156
25.000000	7.982386	1.153101
25.020000	7.987293	1.182719
25.040000	7.991401	1.208552
25.060000	7.994709	1.273313
25.080000	7.997219	1.295382
25.100000	7.998928	1.330996
25.120000	7.999838	1.386566
25.140000	7.999947	1.398040
25.160000	7.999257	1.450268
25.180000	7.997767	1.465429
25.200000	7.995477	1.487461
25.220000	7.992387	1.505573
25.240000	7.988498	1.500108
25.260000	7.983811	1.508315
25.280000	7.978325	1.533275
25.300000	7.972041	1.537228
25.320000	7.964960	1.528202
25.340000	7.957082	1.510445
25.360000	7.948409	1.505721
25.380000	7.938941	1.487348
25.400000	7.928679	1.457233
25.420000	7.917624	1.451862
25.440000	7.905778	1.395950
25.460000	7.893140	1.387621
25.480000	7.879714	1.351399
25.500000	7.865500	1.321228
25.520000	7.850499	1.262773
25.540000	7.834713	1.234077
25.560000	7.818143	1.213948
25.580000	7.800792	1.157326
25.600000	7.782661	1.109829
25.620000	7.763751	1.072314
25.640000	7.744065	1.026173
25.660000	7.723605	1.006150
25.680000	7.702372	0.953822
25.700000	7.680369	0.903910
25.720000	7.657598	0.869284
25.740000	7.634061	0.826276
25.760000	7.609761	0.807276
25.780000	7.584700	0.747819
25.800000	7.558880	0.714381
25.820000	7.532305	0.715515
25.840000	7.504976	0.695002
25.860000	7.476897	0.652823
25.880000	7.448070	0.626130
25.900000	7.418498	0.610687
25.920000	7.388185	0.579049
25.940000	7.357133	0.570964
25.960000	7.325345	0.555727
25.980000	7.292824	0.550060
26.000000	7.259574	0.519052
26.020000	7.225598	0.522782
26.040000	7.190900	0.531905
26.060000	7.155483	0.514677
26.080000	7.119350	0.511845
26.100000	7.082505	0.544899
26.120000	7.044952	0.529881
26.140000	7.006694	0.531037
26.160000	6.967736	0.529508
26.180000	6.928081	0.565565
26.200000	6.887733	0.579296
26.220000	6.846696	0.585499
26.240000	6.804975	0.595738
26.260000	6.762573	0.626812
26.280000	6.719495	0.640950
26.300000	6.675745	0.664014
26.320000	6.631328	0.698306
26.340000	6.586247	0.716405
26.360000	6.540508	0.758532
26.380000	6.494114	0.792726
26.400000	6.447072	0.810126
26.420000	6.399384	0.837858
26.440000	6.351057	0.901143
26.460000	6.302094	0.910904
26.480000	6.252502	0.949070
26.500000	6.202284	0.993531
26.520000	6.151446	1.033258
26.540000	6.099992	1.060444
26.560000	6.047929	1.102986
26.580000	5.995261	1.129079
26.600000	5.941993	1.157126
26.620000	5.888132	1.213568
26.640000	5.833681	1.255131
26.660000	5.778647	1.276285
26.680000	5.723035	1.287629
26.700000	5.666851	1.328908
26.720000	5.610100	1.335798
26.740000	5.552789	1.346125
26.760000	5.494921	1.370946
26.780000	5.436505	1.377213
26.800000	5.377545	1.376565
26.820000	5.318047	1.381892
26.840000	5.258017	1.399557
26.860000	5.197461	1.369897
26.880000	5.136386	1.387406
26.900000	5.074797	1.354307
26.920000	5.012701	1.334969
26.940000	4.950103	1.319851
26.960000	4.887010	1.336620
26.980000	4.823429	1.290552
27.000000	4.759365	1.266048
27.020000	4.694826	1.249370
27.040000	4.629817	1.212118
27.060000	4.564344	1.154392
27.080000	4.498416	1.140657
27.100000	4.432038	1.095944
27.120000	4.365216	1.051578
27.140000	4.297958	1.015099
27.160000	4.230270	0.986787
27.180000	4.162159	0.923747
27.200000	4.093632	0.894926
27.220000	4.024695	0.849047
27.240000	3.955357	0.789466
27.260000	3.885622	0.757949
27.280000	3.815499	0.726820
27.300000	3.744994	0.697280
27.320000	3.674115	0.654344
27.340000	3.602869	0.611028
27.360000	3.531262	0.558406
27.380000	3.459302	0.546907
27.400000	3.386996	0.494283
27.420000	3.314352	0.446234
27.440000	3.241376	0.419596
27.460000	3.168076	0.396512
27.480000	3.094459	0.354751
27.500000	3.020533	0.331685
27.520000	2.946304	0.303020
27.540000	2.871781	0.266170
27.560000	2.796971	0.224790
27.580000	2.721881	0.206932
27.600000	2.646519	0.179235
27.620000	2.570892	0.171574
27.640000	2.495008	0.111885
27.660000	2.418875	0.102916
27.680000	2.342500	0.075463
27.700000	2.265891	0.062619
27.720000	2.189055	0.013747
27.740000	2.112000	0.028990
27.760000	2.034733	-0.001470
27.780000	1.957264	-0.038690
27.800000	1.879599	-0.041695
27.820000	1.801745	-0.049064
27.840000	1.723712	-0.087393
27.860000	1.645506	-0.087046
27.880000	1.567136	-0.112549
27.900000	1.488609	-0.121753
27.920000	1.409933	-0.129492
27.940000	1.331116	-0.140863
27.960000	1.252166	-0.159741
27.980000	1.173090	-0.164067
28.000000	1.093898	-0.169821
28.020000	1.014596	-0.191467
28.040000	0.935192	-0.184539
28.060000	0.855695	-0.193938
28.080000	0.776113	-0.222114
28.100000	0.696453	-0.233033
28.120000	0.616723	-0.251726
28.140000	0.536932	-0.244410
28.160000	0.457086	-0.254503
28.180000	0.377196	-0.250501
28.200000	0.297267	-0.280503
28.220000	0.217309	-0.275030
28.240000	0.137329	-0.269186
28.260000	0.057335	-0.292590
28.280000	-0.022664	-0.299150
28.300000	-0.102662	-0.312070
28.320000	-0.182649	-0.277340
28.340000	-0.262617	-0.316863
28.360000	-0.342560	-0.328158
28.380000	-0.422468	-0.328908
28.400000	-0.502334	-0.334299
28.420000	-0.582149	-0.334936
28.440000	-0.661907	-0.329698
28.460000	-0.741598	-0.346694
28.480000	-0.821215	-0.358773
28.500000	-0.900750	-0.369992
28.520000	-0.980195	-0.361319
28.540000	-1.059542	-0.367318
28.560000	-1.138783	-0.358806
28.580000	-1.217910	-0.379758
28.600000	-1.296915	-0.388458
28.620000	-1.375791	-0.405002
28.640000	-1.454529	-0.404847
28.660000	-1.533122	-0.413753
28.680000	-1.611561	-0.420962
28.700000	-1.689839	-0.435060
28.720000	-1.767948	-0.428621
28.740000	-1.845880	-0.444326
28.760000	-1.923628	-0.454182
28.780000	-2.001184	-0.478993
28.800000	-2.078539	-0.467007
28.820000	-2.155686	-0.477597
28.840000	-2.232618	-0.501834
28.860000	-2.309327	-0.494922
28.880000	-2.385804	-0.530293
28.900000	-2.462043	-0.529146
28.920000	-2.538036	-0.544388
28.940000	-2.613775	-0.568072
28.960000	-2.689253	-0.566709
28.980000	-2.764462	-0.565772
29.000000	-2.839394	-0.596793
29.020000	-2.914043	-0.617154
29.040000	-2.988400	-0.623550
29.060000	-3.062458	-0.642892
29.080000	-3.136210	-0.660023
29.100000	-3.209648	-0.681317
29.120000	-3.282765	-0.679997
29.140000	-3.355554	-0.707188
29.160000	-3.428008	-0.734880
29.180000	-3.500118	-0.748737
29.200000	-3.571879	-0.773375
29.220000	-3.643283	-0.790570
29.240000	-3.714322	-0.809584
29.260000	-3.784990	-0.833337
29.280000	-3.855279	-0.833122
29.300000	-3.925183	-0.862740
29.320000	-3.994694	-0.873168
29.340000	-4.063806	-0.904170
29.360000	-4.132511	-0.916654
29.380000	-4.200803	-0.941491
29.400000	-4.268675	-0.945185
29.420000	-4.336120	-0.972484
29.440000	-4.403132	-0.994458
29.460000	-4.469703	-1.020160
29.480000	-4.535827	-1.016939
29.500000	-4.601498	-1.042000
29.520000	-4.666709	-1.049557
29.540000	-4.731453	-1.067951
29.560000	-4.795723	-1.066193
29.580000	-4.859515	-1.081981
29.600000	-4.922820	-1.093544
29.620000	-4.985633	-1.113678
29.640000	-5.047947	-1.111179
29.660000	-5.109757	-1.105794
29.680000	-5.171056	-1.137124
29.700000	-5.231837	-1.131680
29.720000	-5.292095	-1.153213
29.740000	-5.351825	-1.124765
29.760000	-5.411019	-1.143487
29.780000	-5.469672	-1.131186
29.800000	-5.527777	-1.154523
29.820000	-5.585331	-1.116411
29.840000	-5.642325	-1.133912
29.860000	-5.698756	-1.119764
29.880000	-5.754616	-1.117572
29.900000	-5.809901	-1.114549
29.920000	-5.864605	-1.087181
29.940000	-5.918723	-1.111782
29.960000	-5.972249	-1.082875
29.980000	-6.025177	-1.066712
30.000000	-6.077503	-1.065569
30.020000	-6.129222	-1.055488
30.040000	-6.180327	-1.044452
30.060000	-6.230814	-1.043814
30.080000	-6.280679	-1.019564
30.100000	-6.329915	-1.003204
30.120000	-6.378518	-0.996117
30.140000	-6.426483	-0.988183
30.160000	-6.473806	-0.979284
30.180000	-6.520481	-0.966463
30.200000	-6.566505	-0.940817
30.220000	-6.611871	-0.964505
30.240000	-6.656577	-0.934078
30.260000	-6.700617	-0.929257
30.280000	-6.743987	-0.903644
30.300000	-6.786682	-0.910658
30.320000	-6.828699	-0.890214
30.340000	-6.870032	-0.921037
30.360000	-6.910679	-0.890868
30.380000	-6.950635	-0.889305
30.400000	-6.989896	-0.875846
30.420000	-7.028458	-0.904840
30.440000	-7.066317	-0.889699
30.460000	-7.103469	-0.888269
30.480000	-7.139911	-0.895741
30.500000	-7.175639	-0.881556
30.520000	-7.210649	-0.901132
30.540000	-7.244938	-0.882498
30.560000	-7.278503	-0.898472
30.580000	-7.311340	-0.906713
30.600000	-7.343446	-0.918855
30.620000	-7.374818	-0.944288
30.640000	-7.405452	-0.948108
30.660000	-7.435345	-0.949109
30.680000	-7.464495	-0.959944
30.700000	-7.492899	-0.966316
30.720000	-7.520553	-0.997451
30.740000	-7.547455	-1.015414
30.760000	-7.573603	-1.012828
30.780000	-7.598993	-1.044608
30.800000	-7.623623	-1.043265
30.820000	-7.647491	-1.055782
30.840000	-7.670594	-1.079193
30.860000	-7.692930	-1.103405
30.880000	-7.714497	-1.115471
30.900000	-7.735293	-1.125858
30.920000	-7.755314	-1.147336
30.940000	-7.774561	-1.140745
30.960000	-7.793030	-1.187448
30.980000	-7.810719	-1.201766
31.000000	-7.827628	-1.214959
31.020000	-7.843753	-1.223685
31.040000	-7.859095	-1.251282
31.060000	-7.873650	-1.246438
31.080000	-7.887418	-1.256154
31.100000	-7.900398	-1.257036
31.120000	-7.912587	-1.260593
31.140000	-7.923985	-1.282764
31.160000	-7.934591	-1.265508
31.180000	-7.944403	-1.259126
31.200000	-7.953421	-1.280325
31.220000	-7.961643	-1.262076
31.240000	-7.969070	-1.273899
31.260000	-7.975699	-1.252590
31.280000	-7.981531	-1.256457
31.300000	-7.986565	-1.277036
31.320000	-7.990800	-1.253659
31.340000	-7.994236	-1.234506
31.360000	-7.996872	-1.234792
31.380000	-7.998709	-1.224455
31.400000	-7.999746	-1.199423
31.420000	-7.999983	-1.206410
31.440000	-7.999420	-1.185597
31.460000	-7.998058	-1.168378
31.480000	-7.995895	-1.160311
31.500000	-7.992933	-1.142190
31.520000	-7.989171	-1.118916
31.540000	-7.984611	-1.106855
31.560000	-7.979252	-1.103772
31.580000	-7.973095	-1.091363
31.600000	-7.966141	-1.073147
31.620000	-7.958390	-1.050606
31.640000	-7.949844	-1.037977
31.660000	-7.940502	-1.031040
31.680000	-7.930366	-1.015732
31.700000	-7.919438	-1.012720
31.720000	-7.907717	-0.981911
31.740000	-7.895206	-0.975932
31.760000	-7.881905	-0.978499
31.780000	-7.867816	-0.956968
31.800000	-7.852940	-0.936198
31.820000	-7.837279	-0.950441
31.840000	-7.820834	-0.924392
31.860000	-7.803608	-0.936390
31.880000	-7.785600	-0.927910
31.900000	-7.766815	-0.926773
31.920000	-7.747252	-0.912737
31.940000	-7.726915	-0.925303
31.960000	-7.705805	-0.939567
31.980000	-7.683925	-0.943628
32.000000	-7.661276	-0.949304
32.020000	-7.637861	-0.955611
32.040000	-7.613682	-0.943571
32.060000	-7.588742	-0.960139
32.080000	-7.563043	-0.958820
32.100000	-7.536588	-0.973388
32.120000	-7.509379	-0.983218
32.140000	-7.481419	-0.990244
32.160000	-7.452711	-0.989014
32.180000	-7.423258	-0.997986
32.200000	-7.393062	-1.015321
32.220000	-7.362128	-1.041125
32.240000	-7.330456	-1.037324
32.260000	-7.298052	-1.049642
32.280000	-7.264918	-1.066679
32.300000	-7.231058	-1.088413
32.320000	-7.196475	-1.088172
32.340000	-7.161171	-1.103727
32.360000	-7.125152	-1.151513
32.380000	-7.088421	-1.125863
32.400000	-7.050980	-1.162907
32.420000	-7.012834	-1.147972
32.440000	-6.973987	-1.166248
32.460000	-6.934443	-1.162023
32.480000	-6.894205	-1.183242
32.500000	-6.853278	-1.198421
32.520000	-6.811665	-1.197221
32.540000	-6.769372	-1.190161
32.560000	-6.726401	-1.204258
32.580000	-6.682758	-1.208118
32.600000	-6.638446	-1.200651
32.620000	-6.593471	-1.205742
32.640000	-6.547836	-1.206294
32.660000	-6.501547	-1.189591
32.680000	-6.454607	-1.183356
32.700000	-6.407022	-1.187091
32.720000	-6.358796	-1.189095
32.740000	-6.309935	-1.163014
32.760000	-6.260442	-1.156688
32.780000	-6.210323	-1.150715
32.800000	-6.159584	-1.158369
32.820000	-6.108228	-1.132101
32.840000	-6.056262	-1.127325
32.860000	-6.003689	-1.107029
32.880000	-5.950517	-1.087851
32.900000	-5.896749	-1.073417
32.920000	-5.842392	-1.062786
32.940000	-5.787451	-1.028475
32.960000	-5.731931	-1.040980
32.980000	-5.675837	-0.999265
33.000000	-5.619176	-1.007533
33.020000	-5.561954	-0.967452
33.040000	-5.504175	-0.962470
33.060000	-5.445845	-0.927243
33.080000	-5.386971	-0.917761
33.100000	-5.327558	-0.898976
33.120000	-5.267613	-0.894774
33.140000	-5.207141	-0.874653
33.160000	-5.146148	-0.850001
33.180000	-5.084640	-0.830703
33.200000	-5.022624	-0.792216
33.220000	-4.960106	-0.804829
33.240000	-4.897092	-0.783476
33.260000	-4.833588	-0.795657
33.280000	-4.769600	-0.780952
33.300000	-4.705136	-0.759473
33.320000	-4.640201	-0.756894
33.340000	-4.574803	-0.719806
33.360000	-4.508946	-0.729277
33.380000	-4.442639	-0.702627
33.400000	-4.375888	-0.693614
33.420000	-4.308699	-0.700838
33.440000	-4.241079	-0.689778
33.460000	-4.173035	-0.689639
33.480000	-4.104574	-0.678709
33.500000	-4.035702	-0.674995
33.520000	-3.966426	-0.677507
33.540000	-3.896755	-0.668354
33.560000	-3.826693	-0.653978
33.580000	-3.756249	-0.662558
33.600000	-3.685429	-0.665538
33.620000	-3.614240	-0.667267
33.640000	-3.542690	-0.678945
33.660000	-3.470786	-0.679949
33.680000	-3.398535	-0.667821
33.700000	-3.325944	-0.686611
33.720000	-3.253020	-0.682896
33.740000	-3.179771	-0.665146
33.760000	-3.106204	-0.661923
33.780000	-3.032327	-0.701171
33.800000	-2.958146	-0.671987
33.820000	-2.883670	-0.694364
33.840000	-2.808905	-0.696603
33.860000	-2.733859	-0.701961
33.880000	-2.658540	-0.694526
33.900000	-2.582954	-0.725992
33.920000	-2.507111	-0.709966
33.940000	-2.431017	-0.728569
33.960000	-2.354680	-0.717945
33.980000	-2.278107	-0.712663
34.000000	-2.201307	-0.732380
34.020000	-2.124286	-0.732717
34.040000	-2.047053	-0.736193
34.060000	-1.969615	-0.751825
34.080000	-1.891981	-0.731934
34.100000	-1.814157	-0.732831
34.120000	-1.736152	-0.745302
34.140000	-1.657973	-0.753545
34.160000	-1.579628	-0.760356
34.180000	-1.501125	-0.762943
34.200000	-1.422473	-0.739943
34.220000	-1.343678	-0.742675
34.240000	-1.264748	-0.756584
34.260000	-1.185692	-0.770210
34.280000	-1.106518	-0.780524
34.300000	-1.027233	-0.760120
34.320000	-0.947845	-0.746941
34.340000	-0.868362	-0.727222
34.360000	-0.788793	-0.742571
34.380000	-0.709145	-0.725064
34.400000	-0.629426	-0.710349
34.420000	-0.549643	-0.714567
34.440000	-0.469806	-0.708945
34.460000	-0.389922	-0.711469
34.480000	-0.309999	-0.700460
34.500000	-0.230045	-0.673523
34.520000	-0.150068	-0.668139
34.540000	-0.070076	-0.652555
34.560000	0.009923	-0.641114
34.580000	0.089921	-0.620062
34.600000	0.169910	-0.619833
34.620000	0.249883	-0.599858
34.640000	0.329830	-0.561303
34.660000	0.409744	-0.571281
34.680000	0.489617	-0.548353
34.700000	0.569441	-0.532951
34.720000	0.649209	-0.503407
34.740000	0.728911	-0.477720
34.760000	0.808540	-0.472317
34.780000	0.888089	-0.450309
34.800000	0.967549	-0.426744
34.820000	1.046912	-0.395921
34.840000	1.126170	-0.385190
34.860000	1.205316	-0.357449
34.880000	1.284341	-0.352586
34.900000	1.363238	-0.317155
34.920000	1.441998	-0.278231
34.940000	1.520615	-0.241189
34.960000	1.599079	-0.219563
34.980000	1.677383	-0.205106
35.000000	1.755520	-0.178981
35.020000	1.833481	-0.133334
35.040000	1.911258	-0.120940
35.060000	1.988845	-0.062294
35.080000	2.066233	-0.040058
35.100000	2.143414	-0.023695
35.120000	2.220380	0.016634
35.140000	2.297125	0.053826
35.160000	2.373640	0.088995
35.180000	2.449917	0.118342
35.200000	2.525950	0.161901
35.220000	2.601730	0.202119
35.240000	2.677250	0.241091
35.260000	2.752502	0.299664
35.280000	2.827479	0.330468
35.300000	2.902173	0.361404
35.320000	2.976577	0.410791
35.340000	3.050683	0.449016
35.360000	3.124484	0.499347
35.380000	3.197973	0.556313
35.400000	3.271142	0.595957
35.420000	3.343984	0.662792
35.440000	3.416491	0.690753
35.460000	3.488657	0.725396
35.480000	3.560474	0.790345
35.500000	3.631935	0.840839
35.520000	3.703032	0.888734
35.540000	3.773760	0.914394
35.560000	3.844110	0.971013
35.580000	3.914075	1.030208
35.600000	3.983650	1.047456
35.620000	4.052825	1.103504
35.640000	4.121596	1.136917
35.660000	4.189954	1.182735
35.680000	4.257894	1.220668
35.700000	4.325407	1.279539
35.720000	4.392489	1.298073
35.740000	4.459130	1.322062
35.760000	4.525326	1.347173
35.780000	4.591070	1.381990
35.800000	4.656354	1.399602
35.820000	4.721173	1.428102
35.840000	4.785519	1.430215
35.860000	4.849387	1.417061
35.880000	4.912770	1.426730
35.900000	4.975662	1.440808
35.920000	5.038056	1.416530
35.940000	5.099947	1.428392
35.960000	5.161327	1.384230
35.980000	5.222192	1.381185
36.000000	5.282534	1.343444
36.020000	5.342348	1.320199
36.040000	5.401627	1.306482
36.060000	5.460367	1.261731
36.080000	5.518560	1.236281
36.100000	5.576202	1.196053
36.120000	5.633286	1.160332
36.140000	5.689806	1.104026
36.160000	5.745758	1.069882
36.180000	5.801135	1.035036
36.200000	5.855932	0.980774
36.220000	5.910143	0.964044
36.240000	5.963764	0.898858
36.260000	6.016788	0.863104
36.280000	6.069210	0.816321
36.300000	6.121026	0.766258
36.320000	6.172229	0.768170
36.340000	6.222815	0.712023
36.360000	6.272779	0.674935
36.380000	6.322115	0.644423
36.400000	6.370820	0.629343
36.420000	6.418887	0.576061
36.440000	6.466312	0.565028
36.460000	6.513091	0.528531
36.480000	6.559219	0.503428
36.500000	6.604690	0.493859
36.520000	6.649501	0.479077
36.540000	6.693647	0.447330
36.560000	6.737124	0.430372
36.580000	6.779927	0.414311
36.600000	6.822052	0.427368
36.620000	6.863495	0.403332
36.640000	6.904252	0.385785
36.660000	6.944318	0.416037
36.680000	6.983690	0.388385
36.700000	7.022363	0.412521
36.720000	7.060334	0.411715
36.740000	7.097599	0.420432
36.760000	7.134155	0.421901
36.780000	7.169996	0.444110
36.800000	7.205121	0.438999
36.820000	7.239526	0.479282
36.840000	7.273206	0.509178
36.860000	7.306159	0.525115
36.880000	7.338382	0.521175
36.900000	7.369871	0.559007
36.920000	7.400622	0.596791
36.940000	7.430634	0.635630
36.960000	7.459903	0.663983
36.980000	7.488425	0.696526
37.000000	7.516199	0.745814
37.020000	7.543221	0.791784
37.040000	7.569489	0.819847
37.060000	7.595000	0.873014
37.080000	7.619752	0.884844
37.100000	7.643741	0.947318
37.120000	7.666966	1.000464
37.140000	7.689425	1.046380
37.160000	7.711114	1.102458
37.180000	7.732032	1.157112
37.200000	7.752178	1.199515
37.220000	7.771548	1.234949
37.240000	7.790140	1.271476
37.260000	7.807954	1.336189
37.280000	7.824987	1.354069
37.300000	7.841238	1.418230
37.320000	7.856704	1.446049
37.340000	7.871385	1.468944
37.360000	7.885278	1.512385
37.380000	7.898383	1.533945
37.400000	7.910699	1.553416
37.420000	7.922223	1.567747
37.440000	7.932955	1.582349
37.460000	7.942894	1.591612
37.480000	7.952038	1.586154
37.500000	7.960387	1.584761
37.520000	7.967940	1.562422
37.540000	7.974697	1.562213
37.560000	7.980656	1.530113
37.580000	7.985817	1.492856
37.600000	7.990179	1.457129
37.620000	7.993742	1.436194
37.640000	7.996506	1.383879
37.660000	7.998470	1.347224
37.680000	7.999635	1.317029
37.700000	7.999999	1.264406
37.720000	7.999564	1.215637
37.740000	7.998328	1.178177
37.760000	7.996293	1.132308
37.780000	7.993458	1.082489
37.800000	7.989824	1.034014
37.820000	7.985391	1.000159
37.840000	7.980159	0.949731
37.860000	7.974129	0.899946
37.880000	7.967302	0.884054
37.900000	7.959678	0.820131
37.920000	7.951258	0.790080
37.940000	7.942043	0.735615
37.960000	7.932034	0.692090
37.980000	7.921231	0.664475
38.000000	7.909637	0.638657
38.020000	7.897251	0.607682
38.040000	7.884076	0.599763
38.060000	7.870113	0.561467
38.080000	7.855362	0.546129
38.100000	7.839826	0.522505
38.120000	7.823506	0.502745
38.140000	7.806404	0.494255
38.160000	7.788520	0.500504
38.180000	7.769859	0.467879
38.200000	7.750420	0.478133
38.220000	7.730206	0.457817
38.240000	7.709219	0.463794
38.260000	7.687461	0.471426
38.280000	7.664934	0.480324
38.300000	7.641641	0.500214
38.320000	7.617584	0.495832
38.340000	7.592765	0.501438
38.360000	7.567187	0.532478
38.380000	7.540852	0.540961
38.400000	7.513763	0.568077
38.420000	7.485922	0.588027
38.440000	7.457333	0.595599
38.460000	7.427999	0.648220
38.480000	7.397921	0.679248
38.500000	7.367104	0.715028
38.520000	7.335550	0.758060
38.540000	7.303262	0.764213
38.560000	7.270244	0.819098
38.580000	7.236499	0.857277
38.600000	7.202031	0.889538
38.620000	7.166842	0.939323
38.640000	7.130937	0.982816
38.660000	7.094318	1.008682
38.680000	7.056990	1.066677
38.700000	7.018957	1.098369
38.720000	6.980221	1.144015
38.740000	6.940788	1.175057
38.760000	6.900660	1.229269
38.780000	6.859842	1.271694
38.800000	6.818339	1.317052
38.820000	6.776153	1.347071
38.840000	6.733290	1.364480
38.860000	6.689754	1.418247
38.880000	6.645548	1.434625
38.900000	6.600678	1.463077
38.920000	6.555148	1.486089
38.940000	6.508963	1.504447
38.960000	6.462126	1.518958
38.980000	6.414644	1.502967
39.000000	6.366520	1.506297
39.020000	6.317759	1.487030
39.040000	6.268367	1.498288
39.060000	6.218347	1.461008
39.080000	6.167706	1.435524
39.100000	6.116448	1.438361
39.120000	6.064579	1.397366
39.140000	6.012103	1.379242
39.160000	5.959025	1.341133
39.180000	5.905352	1.283425
39.200000	5.851089	1.232696
39.220000	5.796240	1.206927
39.240000	5.740812	1.174304
39.260000	5.684809	1.116827
39.280000	5.628238	1.076480
39.300000	5.571105	1.021720
39.320000	5.513414	0.990969
39.340000	5.455172	0.943066
39.360000	5.396384	0.890423
39.380000	5.337057	0.862642
39.400000	5.277196	0.817664
39.420000	5.216807	0.763110
39.440000	5.155896	0.695116
39.460000	5.094471	0.658768
39.480000	5.032535	0.631755
39.500000	4.970096	0.580540
39.520000	4.907161	0.542452
39.540000	4.843734	0.518252
39.560000	4.779824	0.477798
39.580000	4.715435	0.450794
39.600000	4.650574	0.399893
39.620000	4.585249	0.386057
39.640000	4.519465	0.336509
39.660000	4.453229	0.328412
39.680000	4.386548	0.287448
39.700000	4.319429	0.252341
39.720000	4.251877	0.220826
39.740000	4.183900	0.211911
39.760000	4.115505	0.191711
39.780000	4.046698	0.183722
39.800000	3.977486	0.156479
39.820000	3.907877	0.137221
39.840000	3.837877	0.137764
39.860000	3.767493	0.111647
39.880000	3.696733	0.096502
39.900000	3.625602	0.097812
39.920000	3.554110	0.078371
39.940000	3.482262	0.082435
39.960000	3.410065	0.063812
39.980000	3.337528	0.062820
